Model,MRR,Hit@1,Hit@3,Hit@5,Hit@10,OntSim@1,OntSim@3,OntSim@5,OntSim@10
biolord_2023_m,0.5325,0.3,0.7,0.8,1.0,0.7347619047619047,0.9285714285714286,0.9657142857142856,1.0
