model,case_id,text,expected_ids,mrr,precision,recall,f1,hit_rate@1,hit_rate@3,hit_rate@5,hit_rate@10
biolord_2023_m,0,Kleinwuchs,HP:0004322,1.0,0.03333333333333333,1.0,0.06451612903225806,1.0,1.0,1.0,1.0
biolord_2023_m,1,Makrozephalie,HP:0000256,0.16666666666666666,0.03333333333333333,1.0,0.06451612903225806,0.0,0.0,0.0,1.0
biolord_2023_m,2,Hemiplegie,HP:0002301,0.3333333333333333,0.03333333333333333,1.0,0.06451612903225806,0.0,1.0,1.0,1.0
biolord_2023_m,3,Krampfanfälle,HP:0001250,0.5,0.03333333333333333,1.0,0.06451612903225806,0.0,1.0,1.0,1.0
biolord_2023_m,4,Niedriger Blutdruck,HP:0002615,0.5,0.03333333333333333,1.0,0.06451612903225806,0.0,1.0,1.0,1.0
biolord_2023_m,5,Schwindel,HP:0002321,1.0,0.03333333333333333,1.0,0.06451612903225806,1.0,1.0,1.0,1.0
biolord_2023_m,6,Fortschreitende Muskelschwäche,HP:0001324,0.125,0.03333333333333333,1.0,0.06451612903225806,0.0,0.0,0.0,1.0
biolord_2023_m,7,Geistige Behinderung,HP:0001249,1.0,0.03333333333333333,1.0,0.06451612903225806,1.0,1.0,1.0,1.0
biolord_2023_m,8,Mikrozephalie,HP:0000252,0.2,0.03333333333333333,1.0,0.06451612903225806,0.0,0.0,1.0,1.0
