Model,MRR,Precision,Recall,F1,HR@1,HR@3,HR@5,HR@10
biolord_2023_m,0.5361111111111111,0.03333333333333333,1.0,0.06451612903225806,0.3333333333333333,0.6666666666666666,0.7777777777777778,1.0
