Model,MRR,Precision,Recall,F1,HR@1,HR@3,HR@5,HR@10
biolord_2023_m,0.5361111111111111,0.03333333333333333,1.0,0.06451612903225806,0.3333333333333333,0.6666666666666666,0.7777777777777778,1.0
jina_embeddings_v2_base_de,0.3708112874779541,0.025925925925925925,0.7777777777777778,0.05017921146953405,0.2222222222222222,0.4444444444444444,0.5555555555555556,0.7777777777777778
cross_en_de_roberta_sentence_transformer,0.08333333333333333,0.007407407407407408,0.2222222222222222,0.014336917562724014,0.0,0.1111111111111111,0.2222222222222222,0.2222222222222222
paraphrase_multilingual_mpnet_base_v2,0.2222222222222222,0.007407407407407408,0.2222222222222222,0.014336917562724014,0.2222222222222222,0.2222222222222222,0.2222222222222222,0.2222222222222222
distiluse_base_multilingual_cased_v2,0.12962962962962962,0.011111111111111112,0.3333333333333333,0.02150537634408602,0.0,0.3333333333333333,0.3333333333333333,0.3333333333333333
bge_m3,0.20123456790123456,0.014814814814814815,0.4444444444444444,0.02867383512544803,0.1111111111111111,0.2222222222222222,0.3333333333333333,0.4444444444444444
labse,0.04938271604938271,0.007407407407407408,0.2222222222222222,0.014336917562724014,0.0,0.1111111111111111,0.1111111111111111,0.2222222222222222
