Model,MRR,Hit@1,Hit@3,Hit@5,Hit@10,OntSim@1,OntSim@3,OntSim@5,OntSim@10
biolord_2023_m,0.5361111111111111,0.3333333333333333,0.6666666666666666,0.7777777777777778,1.0,0.7608465608465608,0.9206349206349207,0.9619047619047618,1.0
