{
  "timestamp": "2025-12-14T14:54:16.859101",
  "model": "FremyCompany/BioLORD-2023-M",
  "datasets": [
    {
      "dataset": "ID_68",
      "num_docs": 68,
      "chunk": {
        "precision": 0.1929530201342282,
        "recall": 0.552,
        "f1": 0.2859510982179859,
        "tp": 345,
        "pred": 1788,
        "gold": 625
      },
      "mention": {
        "precision": 0.1929530201342282,
        "recall": 0.552,
        "f1": 0.2859510982179859,
        "tp": 345,
        "pred": 1788,
        "gold": 625
      },
      "chunk_time": 75.3189971446991,
      "mention_time": 71.21582317352295
    },
    {
      "dataset": "GeneReviews",
      "num_docs": 10,
      "chunk": {
        "precision": 0.21635434412265758,
        "recall": 0.5358649789029536,
        "f1": 0.30825242718446605,
        "tp": 127,
        "pred": 587,
        "gold": 237
      },
      "mention": {
        "precision": 0.21635434412265758,
        "recall": 0.5358649789029536,
        "f1": 0.30825242718446605,
        "tp": 127,
        "pred": 587,
        "gold": 237
      },
      "chunk_time": 22.009795904159546,
      "mention_time": 20.961362838745117
    },
    {
      "dataset": "GSC_plus",
      "num_docs": 228,
      "chunk": {
        "precision": 0.21860308932169242,
        "recall": 0.4219053791315619,
        "f1": 0.2879893828798939,
        "tp": 651,
        "pred": 2978,
        "gold": 1543
      },
      "mention": {
        "precision": 0.21860308932169242,
        "recall": 0.4219053791315619,
        "f1": 0.2879893828798939,
        "tp": 651,
        "pred": 2978,
        "gold": 1543
      },
      "chunk_time": 229.27308917045593,
      "mention_time": 232.15409302711487
    }
  ],
  "summary": {
    "total_docs": 306,
    "avg_f1_chunk": 0.29406430276078194,
    "avg_f1_mention": 0.29406430276078194
  }
}