{
  "model": "biolord_2023_m",
  "original_model_name": "FremyCompany/BioLORD-2023-M",
  "timestamp": "20251124_231829",
  "test_file": "tiny_v1.json",
  "num_test_cases": 9,
  "reranker_enabled": true,
  "reranker_model": "BAAI/bge-reranker-v2-m3",
  "reranker_mode": "cross-lingual",
  "rerank_count": 10,
  "mrr_dense": 0.28247755331088664,
  "mrr_dense_per_case": [
    0.3333333333333333,
    0.0625,
    0.3333333333333333,
    0.09090909090909091,
    1.0,
    0.16666666666666666,
    0.05555555555555555,
    0.16666666666666666,
    0.3333333333333333
  ],
  "mrr_reranked": 0.3842592592592593,
  "mrr_reranked_per_case": [
    0.5,
    0.0,
    1.0,
    0.0,
    1.0,
    0.5,
    0.0,
    0.125,
    0.3333333333333333
  ],
  "hit_rate_dense@1": 0.1111111111111111,
  "max_ont_similarity_dense@1": 0.656007326007326,
  "hit_rate_dense@1_per_case": [
    0.0,
    0.0,
    0.0,
    0.0,
    1.0,
    0.0,
    0.0,
    0.0,
    0.0
  ],
  "max_ont_similarity_dense@1_per_case": [
    0.6299999999999999,
    0.5571428571428572,
    1.0,
    0.4666666666666667,
    1.0,
    0.5769230769230769,
    0.23333333333333334,
    0.43999999999999995,
    1.0
  ],
  "hit_rate_dense@3": 0.4444444444444444,
  "max_ont_similarity_dense@3": 0.801470288970289,
  "hit_rate_dense@3_per_case": [
    1.0,
    0.0,
    1.0,
    0.0,
    1.0,
    0.0,
    0.0,
    0.0,
    1.0
  ],
  "max_ont_similarity_dense@3_per_case": [
    1.0,
    0.5571428571428572,
    1.0,
    0.4666666666666667,
    1.0,
    0.5769230769230769,
    1.0,
    0.6125,
    1.0
  ],
  "hit_rate_dense@5": 0.4444444444444444,
  "max_ont_similarity_dense@5": 0.8034147334147334,
  "hit_rate_dense@5_per_case": [
    1.0,
    0.0,
    1.0,
    0.0,
    1.0,
    0.0,
    0.0,
    0.0,
    1.0
  ],
  "max_ont_similarity_dense@5_per_case": [
    1.0,
    0.5571428571428572,
    1.0,
    0.4666666666666667,
    1.0,
    0.5769230769230769,
    1.0,
    0.6299999999999999,
    1.0
  ],
  "hit_rate_dense@10": 0.6666666666666666,
  "max_ont_similarity_dense@10": 0.8937321937321937,
  "hit_rate_dense@10_per_case": [
    1.0,
    0.0,
    1.0,
    0.0,
    1.0,
    1.0,
    0.0,
    1.0,
    1.0
  ],
  "max_ont_similarity_dense@10_per_case": [
    1.0,
    0.5769230769230769,
    1.0,
    0.4666666666666667,
    1.0,
    1.0,
    1.0,
    1.0,
    1.0
  ],
  "hit_rate_reranked@1": 0.2222222222222222,
  "max_ont_similarity_reranked@1": 0.5710470085470085,
  "hit_rate_reranked@1_per_case": [
    0.0,
    0.0,
    1.0,
    0.0,
    1.0,
    0.0,
    0.0,
    0.0,
    0.0
  ],
  "max_ont_similarity_reranked@1_per_case": [
    0.6299999999999999,
    0.43999999999999995,
    1.0,
    0.0,
    1.0,
    0.5769230769230769,
    0.25,
    0.6125,
    0.6299999999999999
  ],
  "hit_rate_reranked@3": 0.5555555555555556,
  "max_ont_similarity_reranked@3": 0.8485185185185186,
  "hit_rate_reranked@3_per_case": [
    1.0,
    0.0,
    1.0,
    0.0,
    1.0,
    1.0,
    0.0,
    0.0,
    1.0
  ],
  "max_ont_similarity_reranked@3_per_case": [
    1.0,
    0.54,
    1.0,
    0.4666666666666667,
    1.0,
    1.0,
    1.0,
    0.6299999999999999,
    1.0
  ],
  "hit_rate_reranked@5": 0.5555555555555556,
  "max_ont_similarity_reranked@5": 0.8915343915343915,
  "hit_rate_reranked@5_per_case": [
    1.0,
    0.0,
    1.0,
    0.0,
    1.0,
    1.0,
    0.0,
    0.0,
    1.0
  ],
  "max_ont_similarity_reranked@5_per_case": [
    1.0,
    0.5571428571428572,
    1.0,
    0.4666666666666667,
    1.0,
    1.0,
    1.0,
    1.0,
    1.0
  ],
  "hit_rate_reranked@10": 0.6666666666666666,
  "max_ont_similarity_reranked@10": 0.8937321937321937,
  "hit_rate_reranked@10_per_case": [
    1.0,
    0.0,
    1.0,
    0.0,
    1.0,
    1.0,
    0.0,
    1.0,
    1.0
  ],
  "max_ont_similarity_reranked@10_per_case": [
    1.0,
    0.5769230769230769,
    1.0,
    0.4666666666666667,
    1.0,
    1.0,
    1.0,
    1.0,
    1.0
  ]
}